batch_id,date,crude_type,feed_bbl,LPG,Light Naphtha,Heavy Naphtha,Kerosene,Diesel,VGO,Vacuum Residue
CDU3-4401,2026-08-01,Arabian Light,38100,1.6,6.0,9.43,11.32,24.71,21.26,24.36
CDU3-4402,2026-08-02,Arabian Light,38375,1.52,6.68,9.11,11.39,24.36,21.86,24.41
CDU3-4403,2026-08-03,Bonny Light,41238,1.11,7.05,9.36,10.71,23.38,22.82,24.21
CDU3-4404,2026-08-04,Arabian Light,39520,1.75,6.22,8.58,10.18,23.93,21.32,25.26
CDU3-4405,2026-08-05,Arabian Light,40208,2.59,6.71,9.65,11.14,24.37,21.18,24.01
CDU3-4406,2026-08-06,Bonny Light,41941,2.64,7.16,8.78,10.92,24.6,21.39,24.24
CDU3-4407,2026-08-07,Bonny Light,40807,2.33,5.73,9.24,11.06,23.54,21.93,24.09
CDU3-4408,2026-08-08,Arabian Light,40738,2.62,7.0,8.51,10.16,23.67,21.58,23.98
CDU3-4409,2026-08-09,Bonny Light,38851,2.0,7.19,9.26,10.36,23.35,22.44,24.57
CDU3-4410,2026-08-10,Murban,41591,1.82,5.99,9.9,11.02,23.26,21.18,23.8
CDU3-4411,2026-08-11,Arabian Light,41168,1.86,5.71,8.79,11.89,24.05,22.85,25.15
CDU3-4412,2026-08-12,Arabian Light,40721,1.31,7.19,9.45,11.48,23.71,21.63,23.88
CDU3-4413,2026-08-13,Arabian Light,41815,2.68,6.07,9.0,10.42,24.74,22.67,24.14
CDU3-4414,2026-08-14,Arabian Light,38611,2.47,6.57,9.5,11.05,23.1,21.68,23.64
CDU3-4415,2026-08-15,Bonny Light,41515,2.6,6.15,8.2,11.68,24.8,21.25,24.47
CDU3-4416,2026-08-16,Arabian Light,41912,2.06,5.83,9.29,11.8,23.4,22.05,24.69
CDU3-4417,2026-08-17,Arabian Light,41716,2.46,6.84,9.38,10.82,24.31,21.77,25.22
CDU3-4418,2026-08-18,Murban,38484,1.5,6.21,9.16,10.51,23.5,21.23,24.74
